<?xml version="1.0"?>
<?mso-application progid="Excel.Sheet"?>
<Workbook xmlns="urn:schemas-microsoft-com:office:spreadsheet"
 xmlns:o="urn:schemas-microsoft-com:office:office"
 xmlns:x="urn:schemas-microsoft-com:office:excel"
 xmlns:ss="urn:schemas-microsoft-com:office:spreadsheet"
 xmlns:html="http://www.w3.org/TR/REC-html40">
 <DocumentProperties xmlns="urn:schemas-microsoft-com:office:office">
  <LastAuthor>Microsoft Office User</LastAuthor>
  <Created>2023-03-09T03:30:46Z</Created>
  <LastSaved>2023-04-25T01:28:03Z</LastSaved>
  <Version>16.00</Version>
 </DocumentProperties>
 <OfficeDocumentSettings xmlns="urn:schemas-microsoft-com:office:office">
  <AllowPNG/>
 </OfficeDocumentSettings>
 <ExcelWorkbook xmlns="urn:schemas-microsoft-com:office:excel">
  <SupBook>
   <Startup>/Users/florianneumayr/Library/Group Containers/UBF8T346G9.Office/User Content.localized/Startup.localized/Excel/SaveAsAdobePDF.xlam</Startup>
   <SheetName>Sheet1</SheetName>
   <Xct>
    <Count>0</Count>
    <SheetIndex>0</SheetIndex>
   </Xct>
  </SupBook>
  <WindowHeight>17440</WindowHeight>
  <WindowWidth>28040</WindowWidth>
  <WindowTopX>3260</WindowTopX>
  <WindowTopY>2160</WindowTopY>
  <ProtectStructure>False</ProtectStructure>
  <ProtectWindows>False</ProtectWindows>
 </ExcelWorkbook>
 <Styles>
  <Style ss:ID="Default" ss:Name="Normal">
   <Alignment ss:Vertical="Bottom"/>
   <Borders/>
   <Font ss:FontName="Calibri" x:Family="Swiss" ss:Size="12" ss:Color="#000000"/>
   <Interior/>
   <NumberFormat/>
   <Protection/>
  </Style>
  <Style ss:ID="s62">
   <Font ss:FontName="Calibri" x:Family="Swiss" ss:Size="12" ss:Color="#FF0000"/>
  </Style>
  <Style ss:ID="s63">
   <Font ss:FontName="Calibri" x:Family="Swiss" ss:Size="12"/>
  </Style>
 </Styles>
 <Worksheet ss:Name="Subsidaries">
  <Table ss:ExpandedColumnCount="28" ss:ExpandedRowCount="1" x:FullColumns="1"
   x:FullRows="1" ss:DefaultColumnWidth="65" ss:DefaultRowHeight="16">
   <Column ss:Width="78"/>
   <Column ss:Width="79"/>
   <Column ss:Width="95"/>
   <Column ss:Width="55"/>
   <Column ss:Width="62"/>
   <Column ss:Width="45"/>
   <Column ss:Width="94"/>
   <Column ss:Width="108"/>
   <Column ss:Width="101"/>
   <Column ss:Width="114"/>
   <Column ss:Width="79"/>
   <Column ss:Width="104"/>
   <Column ss:Width="77"/>
   <Column ss:Width="102"/>
   <Column ss:Width="34"/>
   <Column ss:Width="62"/>
   <Column ss:Width="38" ss:Span="1"/>
   <Column ss:Index="19" ss:Width="76"/>
   <Column ss:Width="90"/>
   <Column ss:Width="100"/>
   <Column ss:Width="74" ss:Span="4"/>
   <Column ss:Index="27" ss:Width="35"/>
   <Column ss:Width="98"/>
   <Row ss:AutoFitHeight="0">
    <Cell ss:StyleID="s62"><Data ss:Type="String">AddressTypeId</Data></Cell>
    <Cell ss:StyleID="s62"><Data ss:Type="String">IsMainAddress</Data></Cell>
    <Cell ss:StyleID="s62"><Data ss:Type="String">BusinessPartnerId</Data></Cell>
    <Cell ss:StyleID="s63"><Data ss:Type="String">AddressId</Data></Cell>
    <Cell ss:StyleID="s63"><Data ss:Type="String">Description</Data></Cell>
    <Cell ss:StyleID="s63"><Data ss:Type="String">Remark</Data></Cell>
    <Cell ss:StyleID="s63"><Data ss:Type="String">TelephonePattern</Data></Cell>
    <Cell ss:StyleID="s63"><Data ss:Type="String">TelephoneNumberId</Data></Cell>
    <Cell ss:StyleID="s63"><Data ss:Type="String">Telephone2Pattern</Data></Cell>
    <Cell ss:StyleID="s63"><Data ss:Type="String">TelephoneNumber2Id</Data></Cell>
    <Cell ss:StyleID="s63"><Data ss:Type="String">TelefaxPattern</Data></Cell>
    <Cell ss:StyleID="s63"><Data ss:Type="String">TelephoneTelefaxId</Data></Cell>
    <Cell ss:StyleID="s63"><Data ss:Type="String">MobilePattern</Data></Cell>
    <Cell ss:StyleID="s63"><Data ss:Type="String">TelephoneMobileId</Data></Cell>
    <Cell ss:StyleID="s63"><Data ss:Type="String">Innno</Data></Cell>
    <Cell ss:StyleID="s63"><Data ss:Type="String">BedirektNo</Data></Cell>
    <Cell ss:StyleID="s63"><Data ss:Type="String">VatNo</Data></Cell>
    <Cell ss:StyleID="s63"><Data ss:Type="String">TaxNo</Data></Cell>
    <Cell ss:StyleID="s63"><Data ss:Type="String">TradeRegister</Data></Cell>
    <Cell ss:StyleID="s63"><Data ss:Type="String">TradeRegisterNo</Data></Cell>
    <Cell ss:StyleID="s63"><Data ss:Type="String">TradeRegisterDate</Data></Cell>
    <Cell ss:StyleID="s63"><Data ss:Type="String">UserDefined1</Data></Cell>
    <Cell ss:StyleID="s63"><Data ss:Type="String">UserDefined2</Data></Cell>
    <Cell ss:StyleID="s63"><Data ss:Type="String">UserDefined3</Data></Cell>
    <Cell ss:StyleID="s63"><Data ss:Type="String">UserDefined4</Data></Cell>
    <Cell ss:StyleID="s63"><Data ss:Type="String">UserDefined5</Data></Cell>
    <Cell ss:StyleID="s63"><Data ss:Type="String">Email</Data></Cell>
    <Cell ss:StyleID="s62"><Data ss:Type="String">SubsidiaryStatusId</Data></Cell>
   </Row>
  </Table>
  <WorksheetOptions xmlns="urn:schemas-microsoft-com:office:excel">
   <PageSetup>
    <Header x:Margin="0.3"/>
    <Footer x:Margin="0.3"/>
    <PageMargins x:Bottom="0.75" x:Left="0.7" x:Right="0.7" x:Top="0.75"/>
   </PageSetup>
   <Unsynced/>
   <Selected/>
   <Panes>
    <Pane>
     <Number>3</Number>
     <ActiveCol>27</ActiveCol>
    </Pane>
   </Panes>
   <ProtectObjects>False</ProtectObjects>
   <ProtectScenarios>False</ProtectScenarios>
  </WorksheetOptions>
 </Worksheet>
</Workbook>
