<?xml version="1.0"?>
<?mso-application progid="Excel.Sheet"?>
<Workbook xmlns="urn:schemas-microsoft-com:office:spreadsheet"
 xmlns:o="urn:schemas-microsoft-com:office:office"
 xmlns:x="urn:schemas-microsoft-com:office:excel"
 xmlns:ss="urn:schemas-microsoft-com:office:spreadsheet"
 xmlns:html="http://www.w3.org/TR/REC-html40">
 <DocumentProperties xmlns="urn:schemas-microsoft-com:office:office">
  <Author>Microsoft Office User</Author>
  <LastAuthor>Microsoft Office User</LastAuthor>
  <Created>2023-05-29T04:02:09Z</Created>
  <LastSaved>2023-05-29T04:24:05Z</LastSaved>
  <Version>16.00</Version>
 </DocumentProperties>
 <OfficeDocumentSettings xmlns="urn:schemas-microsoft-com:office:office">
  <AllowPNG/>
 </OfficeDocumentSettings>
 <ExcelWorkbook xmlns="urn:schemas-microsoft-com:office:excel">
  <WindowHeight>17440</WindowHeight>
  <WindowWidth>28040</WindowWidth>
  <WindowTopX>3260</WindowTopX>
  <WindowTopY>2160</WindowTopY>
  <ProtectStructure>False</ProtectStructure>
  <ProtectWindows>False</ProtectWindows>
 </ExcelWorkbook>
 <Styles>
  <Style ss:ID="Default" ss:Name="Normal">
   <Alignment ss:Vertical="Bottom"/>
   <Borders/>
   <Font ss:FontName="Calibri" x:Family="Swiss" ss:Size="12" ss:Color="#000000"/>
   <Interior/>
   <NumberFormat/>
   <Protection/>
  </Style>
  <Style ss:ID="s62">
   <Font ss:FontName="Calibri" x:Family="Swiss" ss:Size="12" ss:Color="#FF0000"/>
  </Style>
 </Styles>
 <Worksheet ss:Name="Employee">
  <Table ss:ExpandedColumnCount="78" ss:ExpandedRowCount="1" x:FullColumns="1"
   x:FullRows="1" ss:DefaultColumnWidth="65" ss:DefaultRowHeight="16">
   <Column ss:Width="106"/>
   <Column ss:Width="120"/>
   <Column ss:Width="61"/>
   <Column ss:Width="76"/>
   <Column ss:Width="111"/>
   <Column ss:Width="126"/>
   <Column ss:Width="31"/>
   <Column ss:Width="62"/>
   <Column ss:Width="34"/>
   <Column ss:Width="59"/>
   <Column ss:Width="70"/>
   <Column ss:Width="40"/>
   <Column ss:Width="55"/>
   <Column ss:Width="69"/>
   <Column ss:Width="53"/>
   <Column ss:Width="67"/>
   <Column ss:Width="108"/>
   <Column ss:Width="122"/>
   <Column ss:Width="131"/>
   <Column ss:Width="164"/>
   <Column ss:Width="35"/>
   <Column ss:Width="54" ss:Span="1"/>
   <Column ss:Index="24" ss:Width="74"/>
   <Column ss:Width="73" ss:Span="1"/>
   <Column ss:Index="27" ss:Width="45"/>
   <Column ss:Width="102" ss:Span="4"/>
   <Column ss:Index="33" ss:Width="121" ss:Span="4"/>
   <Column ss:Index="38" ss:Width="104" ss:Span="4"/>
   <Column ss:Index="43" ss:Width="39"/>
   <Column ss:Width="53"/>
   <Column ss:Width="46"/>
   <Column ss:Width="60"/>
   <Column ss:Width="120"/>
   <Column ss:Width="135"/>
   <Column ss:Width="89"/>
   <Column ss:Width="104"/>
   <Column ss:Width="76"/>
   <Column ss:Width="40"/>
   <Column ss:Width="55"/>
   <Column ss:Width="54"/>
   <Column ss:Width="68"/>
   <Column ss:Width="73"/>
   <Column ss:Width="110"/>
   <Column ss:Width="125"/>
   <Column ss:Width="124"/>
   <Column ss:Width="59"/>
   <Column ss:Width="74"/>
   <Column ss:Width="73"/>
   <Column ss:Width="94"/>
   <Column ss:Width="109"/>
   <Column ss:Width="39"/>
   <Column ss:Width="53"/>
   <Column ss:Width="67"/>
   <Column ss:Width="81"/>
   <Column ss:Width="87"/>
   <Column ss:Width="102"/>
   <Column ss:Width="106"/>
   <Column ss:Width="120"/>
   <Column ss:Width="48"/>
   <Column ss:Width="95"/>
   <Column ss:Width="110"/>
   <Column ss:Width="89"/>
   <Column ss:Width="80"/>
   <Column ss:Width="103"/>
   <Row ss:AutoFitHeight="0">
    <Cell ss:StyleID="s62"><Data ss:Type="String">TimesheetContextId</Data></Cell>
    <Cell><Data ss:Type="String">TimesheetContextDesc</Data></Cell>
    <Cell ss:StyleID="s62"><Data ss:Type="String">CompanyId</Data></Cell>
    <Cell ss:StyleID="s62"><Data ss:Type="String">CompanyCode</Data></Cell>
    <Cell ss:StyleID="s62"><Data ss:Type="String">CompanyOperatingId</Data></Cell>
    <Cell ss:StyleID="s62"><Data ss:Type="String">CompanyOperatingCode</Data></Cell>
    <Cell ss:StyleID="s62"><Data ss:Type="String">Code</Data></Cell>
    <Cell><Data ss:Type="String">Description</Data></Cell>
    <Cell ss:StyleID="s62"><Data ss:Type="String">IsLive</Data></Cell>
    <Cell><Data ss:Type="String">FirstName</Data></Cell>
    <Cell><Data ss:Type="String">FamilyName</Data></Cell>
    <Cell><Data ss:Type="String">Initials</Data></Cell>
    <Cell><Data ss:Type="String">AddressId</Data></Cell>
    <Cell><Data ss:Type="String">AddressDesc</Data></Cell>
    <Cell><Data ss:Type="String">CountryId</Data></Cell>
    <Cell><Data ss:Type="String">CountryDesc</Data></Cell>
    <Cell><Data ss:Type="String">TelephoneNumberId</Data></Cell>
    <Cell><Data ss:Type="String">TelephoneNumberDesc</Data></Cell>
    <Cell><Data ss:Type="String">TelephoneNumberMobId</Data></Cell>
    <Cell><Data ss:Type="String">BasTelephoneNumberMobDesc</Data></Cell>
    <Cell><Data ss:Type="String">Email</Data></Cell>
    <Cell><Data ss:Type="String">BirthDate</Data></Cell>
    <Cell ss:StyleID="s62"><Data ss:Type="String">StartDate</Data></Cell>
    <Cell><Data ss:Type="String">TerminalDate</Data></Cell>
    <Cell ss:StyleID="s62"><Data ss:Type="String">IsCrewLeader</Data></Cell>
    <Cell ss:StyleID="s62"><Data ss:Type="String">IsWhiteCollar</Data></Cell>
    <Cell><Data ss:Type="String">Remark</Data></Cell>
    <Cell><Data ss:Type="String">UserDefinedText01</Data></Cell>
    <Cell><Data ss:Type="String">UserDefinedText02</Data></Cell>
    <Cell><Data ss:Type="String">UserDefinedText03</Data></Cell>
    <Cell><Data ss:Type="String">UserDefinedText04</Data></Cell>
    <Cell><Data ss:Type="String">UserDefinedText05</Data></Cell>
    <Cell><Data ss:Type="String">UserDefinedNumber01</Data></Cell>
    <Cell><Data ss:Type="String">UserDefinedNumber02</Data></Cell>
    <Cell><Data ss:Type="String">UserDefinedNumber03</Data></Cell>
    <Cell><Data ss:Type="String">UserDefinedNumber04</Data></Cell>
    <Cell><Data ss:Type="String">UserDefinedNumber05</Data></Cell>
    <Cell><Data ss:Type="String">UserDefinedDate01</Data></Cell>
    <Cell><Data ss:Type="String">UserDefinedDate02</Data></Cell>
    <Cell><Data ss:Type="String">UserDefinedDate03</Data></Cell>
    <Cell><Data ss:Type="String">UserDefinedDate04</Data></Cell>
    <Cell><Data ss:Type="String">UserDefinedDate05</Data></Cell>
    <Cell ss:StyleID="s62"><Data ss:Type="String">ShiftId</Data></Cell>
    <Cell><Data ss:Type="String">ShiftDesc</Data></Cell>
    <Cell ss:StyleID="s62"><Data ss:Type="String">GroupId</Data></Cell>
    <Cell><Data ss:Type="String">GroupDesc</Data></Cell>
    <Cell ss:StyleID="s62"><Data ss:Type="String">ProfessionalCategoryId</Data></Cell>
    <Cell><Data ss:Type="String">ProfessionalCategoryDesc</Data></Cell>
    <Cell ss:StyleID="s62"><Data ss:Type="String">PaymentGroupId</Data></Cell>
    <Cell><Data ss:Type="String">PaymentGroupDesc</Data></Cell>
    <Cell><Data ss:Type="String">SearchPattern</Data></Cell>
    <Cell><Data ss:Type="String">ClerkId</Data></Cell>
    <Cell><Data ss:Type="String">ClerkCode</Data></Cell>
    <Cell><Data ss:Type="String">ClerkDesc</Data></Cell>
    <Cell ss:StyleID="s62"><Data ss:Type="String">IsHiredLabor</Data></Cell>
    <Cell ss:StyleID="s62"><Data ss:Type="String">IsTimekeeper</Data></Cell>
    <Cell ss:StyleID="s62"><Data ss:Type="String">TimekeepingGroupId</Data></Cell>
    <Cell ss:StyleID="s62"><Data ss:Type="String">TimekeepingGroupCode</Data></Cell>
    <Cell><Data ss:Type="String">TimekeepingGroupDesc</Data></Cell>
    <Cell><Data ss:Type="String">CalendarId</Data></Cell>
    <Cell><Data ss:Type="String">CalendarCode</Data></Cell>
    <Cell><Data ss:Type="String">CalendarDesc</Data></Cell>
    <Cell><Data ss:Type="String">EmployeeGroupId</Data></Cell>
    <Cell><Data ss:Type="String">EmployeeGroupDesc</Data></Cell>
    <Cell><Data ss:Type="String">UserId</Data></Cell>
    <Cell><Data ss:Type="String">UserDesc</Data></Cell>
    <Cell ss:StyleID="s62"><Data ss:Type="String">CostGroupId</Data></Cell>
    <Cell><Data ss:Type="String">CostGroupDesc</Data></Cell>
    <Cell><Data ss:Type="String">EmployeeAreaId</Data></Cell>
    <Cell><Data ss:Type="String">EmployeeAreaDesc</Data></Cell>
    <Cell><Data ss:Type="String">EmployeeSubAreaId</Data></Cell>
    <Cell><Data ss:Type="String">EmployeeSubAreaDesc</Data></Cell>
    <Cell ss:StyleID="s62"><Data ss:Type="String">IsPayroll</Data></Cell>
    <Cell ss:StyleID="s62"><Data ss:Type="String">EmployeeStatusId</Data></Cell>
    <Cell><Data ss:Type="String">EmployeeStatusDesc</Data></Cell>
    <Cell><Data ss:Type="String">VacationBalance</Data></Cell>
    <Cell><Data ss:Type="String">YearlyVacation</Data></Cell>
    <Cell ss:StyleID="s62"><Data ss:Type="String">GenerateRecording</Data></Cell>
   </Row>
  </Table>
  <WorksheetOptions xmlns="urn:schemas-microsoft-com:office:excel">
   <PageSetup>
    <Header x:Margin="0.3"/>
    <Footer x:Margin="0.3"/>
    <PageMargins x:Bottom="0.75" x:Left="0.7" x:Right="0.7" x:Top="0.75"/>
   </PageSetup>
   <Unsynced/>
   <Selected/>
   <ProtectObjects>False</ProtectObjects>
   <ProtectScenarios>False</ProtectScenarios>
  </WorksheetOptions>
 </Worksheet>
</Workbook>
