<?xml version="1.0"?>
<?mso-application progid="Excel.Sheet"?>
<Workbook xmlns="urn:schemas-microsoft-com:office:spreadsheet"
 xmlns:o="urn:schemas-microsoft-com:office:office"
 xmlns:x="urn:schemas-microsoft-com:office:excel"
 xmlns:ss="urn:schemas-microsoft-com:office:spreadsheet"
 xmlns:html="http://www.w3.org/TR/REC-html40">
 <DocumentProperties xmlns="urn:schemas-microsoft-com:office:office">
  <Author>Microsoft Office User</Author>
  <LastAuthor>Microsoft Office User</LastAuthor>
  <Created>2023-05-29T02:04:00Z</Created>
  <LastSaved>2023-05-29T03:12:57Z</LastSaved>
  <Version>16.00</Version>
 </DocumentProperties>
 <OfficeDocumentSettings xmlns="urn:schemas-microsoft-com:office:office">
  <AllowPNG/>
 </OfficeDocumentSettings>
 <ExcelWorkbook xmlns="urn:schemas-microsoft-com:office:excel">
  <WindowHeight>17440</WindowHeight>
  <WindowWidth>28040</WindowWidth>
  <WindowTopX>3260</WindowTopX>
  <WindowTopY>2160</WindowTopY>
  <ProtectStructure>False</ProtectStructure>
  <ProtectWindows>False</ProtectWindows>
 </ExcelWorkbook>
 <Styles>
  <Style ss:ID="Default" ss:Name="Normal">
   <Alignment ss:Vertical="Bottom"/>
   <Borders/>
   <Font ss:FontName="Calibri" x:Family="Swiss" ss:Size="12" ss:Color="#000000"/>
   <Interior/>
   <NumberFormat/>
   <Protection/>
  </Style>
  <Style ss:ID="s62">
   <Font ss:FontName="Calibri" x:Family="Swiss" ss:Size="12" ss:Color="#FF0000"/>
  </Style>
 </Styles>
 <Worksheet ss:Name="Clerk">
  <Table ss:ExpandedColumnCount="55" ss:ExpandedRowCount="1" x:FullColumns="1"
   x:FullRows="1" ss:DefaultColumnWidth="65" ss:DefaultRowHeight="16">
   <Column ss:Width="62"/>
   <Column ss:Width="38"/>
   <Column ss:Width="52"/>
   <Column ss:Width="70"/>
   <Column ss:Width="59"/>
   <Column ss:Width="31"/>
   <Column ss:Width="39"/>
   <Column ss:Width="53"/>
   <Column ss:Width="58"/>
   <Column ss:Width="44"/>
   <Column ss:Width="61"/>
   <Column ss:Width="76"/>
   <Column ss:Width="29"/>
   <Column ss:Width="66"/>
   <Column ss:Width="54"/>
   <Column ss:Width="94"/>
   <Column ss:Width="108"/>
   <Column ss:Width="122"/>
   <Column ss:Width="79"/>
   <Column ss:Width="104"/>
   <Column ss:Width="118"/>
   <Column ss:Width="77"/>
   <Column ss:Width="102"/>
   <Column ss:Width="116"/>
   <Column ss:Width="35"/>
   <Column ss:Width="75"/>
   <Column ss:Width="104"/>
   <Column ss:Width="55"/>
   <Column ss:Width="69"/>
   <Column ss:Width="130"/>
   <Column ss:Width="95"/>
   <Column ss:Width="110"/>
   <Column ss:Width="100"/>
   <Column ss:Width="120"/>
   <Column ss:Width="135"/>
   <Column ss:Width="63" ss:Span="1"/>
   <Column ss:Index="38" ss:Width="78"/>
   <Column ss:Width="99"/>
   <Column ss:Width="90"/>
   <Column ss:Width="69"/>
   <Column ss:Width="66"/>
   <Column ss:Width="81"/>
   <Column ss:Width="80"/>
   <Column ss:Width="74" ss:Span="4"/>
   <Column ss:Index="50" ss:Width="45"/>
   <Column ss:Width="71"/>
   <Column ss:Width="34"/>
   <Column ss:Width="41"/>
   <Column ss:Width="33"/>
   <Column ss:Width="76"/>
   <Row ss:AutoFitHeight="0">
    <Cell ss:StyleID="s62"><Data ss:Type="String">Description</Data></Cell>
    <Cell><Data ss:Type="String">TitleId</Data></Cell>
    <Cell><Data ss:Type="String">TitleDesc</Data></Cell>
    <Cell><Data ss:Type="String">FamilyName</Data></Cell>
    <Cell><Data ss:Type="String">FirstName</Data></Cell>
    <Cell ss:StyleID="s62"><Data ss:Type="String">Code</Data></Cell>
    <Cell><Data ss:Type="String">UserId</Data></Cell>
    <Cell><Data ss:Type="String">UserDesc</Data></Cell>
    <Cell><Data ss:Type="String">ValidFrom</Data></Cell>
    <Cell><Data ss:Type="String">ValidTo</Data></Cell>
    <Cell ss:StyleID="s62"><Data ss:Type="String">CompanyId</Data></Cell>
    <Cell ss:StyleID="s62"><Data ss:Type="String">CompanyCode</Data></Cell>
    <Cell><Data ss:Type="String">Title</Data></Cell>
    <Cell><Data ss:Type="String">Department</Data></Cell>
    <Cell><Data ss:Type="String">Signature</Data></Cell>
    <Cell><Data ss:Type="String">TelephonePattern</Data></Cell>
    <Cell><Data ss:Type="String">TelephoneNumberId</Data></Cell>
    <Cell><Data ss:Type="String">TelephoneNumberDesc</Data></Cell>
    <Cell><Data ss:Type="String">TelefaxPattern</Data></Cell>
    <Cell><Data ss:Type="String">TelephoneTelefaxId</Data></Cell>
    <Cell><Data ss:Type="String">TelephoneTelefaxDesc</Data></Cell>
    <Cell><Data ss:Type="String">MobilPattern</Data></Cell>
    <Cell><Data ss:Type="String">TelephoneMobileId</Data></Cell>
    <Cell><Data ss:Type="String">TelephoneMobileDesc</Data></Cell>
    <Cell><Data ss:Type="String">Email</Data></Cell>
    <Cell><Data ss:Type="String">BlobsFooterId</Data></Cell>
    <Cell><Data ss:Type="String">BlobsEmailFooterId</Data></Cell>
    <Cell><Data ss:Type="String">AddressId</Data></Cell>
    <Cell><Data ss:Type="String">AddressDesc</Data></Cell>
    <Cell><Data ss:Type="String">PrivatTelephonePattern</Data></Cell>
    <Cell><Data ss:Type="String">TelephonePrivatId</Data></Cell>
    <Cell><Data ss:Type="String">TelephonePrivatDesc</Data></Cell>
    <Cell><Data ss:Type="String">PrivatMobilPattern</Data></Cell>
    <Cell><Data ss:Type="String">TelephonePrivMobileId</Data></Cell>
    <Cell><Data ss:Type="String">TelephonePrivMobileDesc</Data></Cell>
    <Cell><Data ss:Type="String">PrivatEmail</Data></Cell>
    <Cell><Data ss:Type="String">Birthdate</Data></Cell>
    <Cell ss:StyleID="s62"><Data ss:Type="String">WorkflowType</Data></Cell>
    <Cell ss:StyleID="s62"><Data ss:Type="String">NotificationEmails</Data></Cell>
    <Cell ss:StyleID="s62"><Data ss:Type="String">EscalationEmails</Data></Cell>
    <Cell><Data ss:Type="String">EscalationTo</Data></Cell>
    <Cell><Data ss:Type="String">ClerkProxyId</Data></Cell>
    <Cell><Data ss:Type="String">ClerkProxyCode</Data></Cell>
    <Cell><Data ss:Type="String">ClerkProxyDesc</Data></Cell>
    <Cell><Data ss:Type="String">UserDefined1</Data></Cell>
    <Cell><Data ss:Type="String">UserDefined2</Data></Cell>
    <Cell><Data ss:Type="String">UserDefined3</Data></Cell>
    <Cell><Data ss:Type="String">UserDefined4</Data></Cell>
    <Cell><Data ss:Type="String">UserDefined5</Data></Cell>
    <Cell><Data ss:Type="String">Remark</Data></Cell>
    <Cell><Data ss:Type="String">BlobsPhotoId</Data></Cell>
    <Cell ss:StyleID="s62"><Data ss:Type="String">IsLive</Data></Cell>
    <Cell><Data ss:Type="String">TxUser</Data></Cell>
    <Cell><Data ss:Type="String">TxPw</Data></Cell>
    <Cell><Data ss:Type="String">SearchPattern</Data></Cell>
   </Row>
  </Table>
  <WorksheetOptions xmlns="urn:schemas-microsoft-com:office:excel">
   <PageSetup>
    <Header x:Margin="0.3"/>
    <Footer x:Margin="0.3"/>
    <PageMargins x:Bottom="0.75" x:Left="0.7" x:Right="0.7" x:Top="0.75"/>
   </PageSetup>
   <Unsynced/>
   <Selected/>
   <Panes>
    <Pane>
     <Number>3</Number>
     <ActiveRow>1</ActiveRow>
     <ActiveCol>21</ActiveCol>
    </Pane>
   </Panes>
   <ProtectObjects>False</ProtectObjects>
   <ProtectScenarios>False</ProtectScenarios>
  </WorksheetOptions>
 </Worksheet>
</Workbook>
