<?xml version="1.0"?>
<?mso-application progid="Excel.Sheet"?>
<Workbook xmlns="urn:schemas-microsoft-com:office:spreadsheet"
 xmlns:o="urn:schemas-microsoft-com:office:office"
 xmlns:x="urn:schemas-microsoft-com:office:excel"
 xmlns:ss="urn:schemas-microsoft-com:office:spreadsheet"
 xmlns:html="http://www.w3.org/TR/REC-html40">
 <DocumentProperties xmlns="urn:schemas-microsoft-com:office:office">
  <LastAuthor>Microsoft Office User</LastAuthor>
  <Created>2023-03-09T03:30:46Z</Created>
  <LastSaved>2023-04-27T06:06:28Z</LastSaved>
  <Version>16.00</Version>
 </DocumentProperties>
 <OfficeDocumentSettings xmlns="urn:schemas-microsoft-com:office:office">
  <AllowPNG/>
 </OfficeDocumentSettings>
 <ExcelWorkbook xmlns="urn:schemas-microsoft-com:office:excel">
  <WindowHeight>17440</WindowHeight>
  <WindowWidth>28040</WindowWidth>
  <WindowTopX>3260</WindowTopX>
  <WindowTopY>2160</WindowTopY>
  <ProtectStructure>False</ProtectStructure>
  <ProtectWindows>False</ProtectWindows>
 </ExcelWorkbook>
 <Styles>
  <Style ss:ID="Default" ss:Name="Normal">
   <Alignment ss:Vertical="Bottom"/>
   <Borders/>
   <Font ss:FontName="Calibri" x:Family="Swiss" ss:Size="12" ss:Color="#000000"/>
   <Interior/>
   <NumberFormat/>
   <Protection/>
  </Style>
  <Style ss:ID="s62">
   <Font ss:FontName="Calibri" x:Family="Swiss" ss:Size="12" ss:Color="#FF0000"/>
  </Style>
 </Styles>
 <Worksheet ss:Name="Banks">
  <Table ss:ExpandedColumnCount="13" ss:ExpandedRowCount="1" x:FullColumns="1"
   x:FullRows="1" ss:DefaultColumnWidth="65" ss:DefaultRowHeight="16">
   <Column ss:AutoFitWidth="0" ss:Width="98"/>
   <Column ss:Index="6" ss:AutoFitWidth="0" ss:Width="76"/>
   <Column ss:Index="8" ss:AutoFitWidth="0" ss:Width="64"/>
   <Column ss:Index="11" ss:AutoFitWidth="0" ss:Width="83"/>
   <Column ss:AutoFitWidth="0" ss:Width="77"/>
   <Column ss:AutoFitWidth="0" ss:Width="81"/>
   <Row ss:AutoFitHeight="0">
    <Cell ss:StyleID="s62"><Data ss:Type="String">BusinessPartnerId</Data></Cell>
    <Cell><Data ss:Type="String">BankId</Data></Cell>
    <Cell ss:StyleID="s62"><Data ss:Type="String">BankTypeId</Data></Cell>
    <Cell><Data ss:Type="String">CompanyId</Data></Cell>
    <Cell ss:StyleID="s62"><Data ss:Type="String">CountryId</Data></Cell>
    <Cell ss:StyleID="s62"><Data ss:Type="String">BankStatusId</Data></Cell>
    <Cell><Data ss:Type="String">Iban</Data></Cell>
    <Cell><Data ss:Type="String">AccountNo</Data></Cell>
    <Cell ss:StyleID="s62"><Data ss:Type="String">IsDefault</Data></Cell>
    <Cell ss:StyleID="s62"><Data ss:Type="String">IsLive</Data></Cell>
    <Cell><Data ss:Type="String">UserDefined1</Data></Cell>
    <Cell><Data ss:Type="String">UserDefined2</Data></Cell>
    <Cell><Data ss:Type="String">UserDefined3</Data></Cell>
   </Row>
  </Table>
  <WorksheetOptions xmlns="urn:schemas-microsoft-com:office:excel">
   <PageSetup>
    <Header x:Margin="0.3"/>
    <Footer x:Margin="0.3"/>
    <PageMargins x:Bottom="0.75" x:Left="0.7" x:Right="0.7" x:Top="0.75"/>
   </PageSetup>
   <Unsynced/>
   <Selected/>
   <Panes>
    <Pane>
     <Number>3</Number>
     <ActiveRow>1</ActiveRow>
    </Pane>
   </Panes>
   <ProtectObjects>False</ProtectObjects>
   <ProtectScenarios>False</ProtectScenarios>
  </WorksheetOptions>
 </Worksheet>
</Workbook>
