<?xml version="1.0"?>
<?mso-application progid="Excel.Sheet"?>
<Workbook xmlns="urn:schemas-microsoft-com:office:spreadsheet"
 xmlns:o="urn:schemas-microsoft-com:office:office"
 xmlns:x="urn:schemas-microsoft-com:office:excel"
 xmlns:ss="urn:schemas-microsoft-com:office:spreadsheet"
 xmlns:html="http://www.w3.org/TR/REC-html40">
 <DocumentProperties xmlns="urn:schemas-microsoft-com:office:office">
  <Author>Microsoft Office User</Author>
  <LastAuthor>Microsoft Office User</LastAuthor>
  <Created>2023-05-29T01:24:21Z</Created>
  <LastSaved>2023-05-29T01:41:34Z</LastSaved>
  <Version>16.00</Version>
 </DocumentProperties>
 <OfficeDocumentSettings xmlns="urn:schemas-microsoft-com:office:office">
  <AllowPNG/>
 </OfficeDocumentSettings>
 <ExcelWorkbook xmlns="urn:schemas-microsoft-com:office:excel">
  <WindowHeight>17440</WindowHeight>
  <WindowWidth>28040</WindowWidth>
  <WindowTopX>3260</WindowTopX>
  <WindowTopY>2160</WindowTopY>
  <ProtectStructure>False</ProtectStructure>
  <ProtectWindows>False</ProtectWindows>
 </ExcelWorkbook>
 <Styles>
  <Style ss:ID="Default" ss:Name="Normal">
   <Alignment ss:Vertical="Bottom"/>
   <Borders/>
   <Font ss:FontName="Calibri" x:Family="Swiss" ss:Size="12" ss:Color="#000000"/>
   <Interior/>
   <NumberFormat/>
   <Protection/>
  </Style>
  <Style ss:ID="s62">
   <Font ss:FontName="Calibri" x:Family="Swiss" ss:Size="12" ss:Color="#FF0000"/>
  </Style>
 </Styles>
 <Worksheet ss:Name="User">
  <Table ss:ExpandedColumnCount="19" ss:ExpandedRowCount="2" x:FullColumns="1"
   x:FullRows="1" ss:DefaultColumnWidth="65" ss:DefaultRowHeight="16">
   <Column ss:Width="54"/>
   <Column ss:Width="30"/>
   <Column ss:Width="37"/>
   <Column ss:Width="62"/>
   <Column ss:Width="66"/>
   <Column ss:Width="60"/>
   <Column ss:Width="88"/>
   <Column ss:Width="35"/>
   <Column ss:Width="91"/>
   <Column ss:Width="34"/>
   <Column ss:Width="84"/>
   <Column ss:Width="75"/>
   <Column ss:Width="55"/>
   <Column ss:Width="104"/>
   <Column ss:Width="138"/>
   <Column ss:Width="53"/>
   <Column ss:Width="93"/>
   <Column ss:Width="109"/>
   <Column ss:Width="129"/>
   <Row ss:AutoFitHeight="0">
    <Cell><Data ss:Type="String">Password</Data></Cell>
    <Cell><Data ss:Type="String">Guid</Data></Cell>
    <Cell><Data ss:Type="String">Name</Data></Cell>
    <Cell><Data ss:Type="String">Description</Data></Cell>
    <Cell ss:StyleID="s62"><Data ss:Type="String">LogonName</Data></Cell>
    <Cell><Data ss:Type="String">DomainSid</Data></Cell>
    <Cell><Data ss:Type="String">SynchronizeDate</Data></Cell>
    <Cell><Data ss:Type="String">Email</Data></Cell>
    <Cell><Data ss:Type="String">IntegratedAccess</Data></Cell>
    <Cell><Data ss:Type="String">State</Data></Cell>
    <Cell><Data ss:Type="String">SetInactiveDate</Data></Cell>
    <Cell><Data ss:Type="String">ExplicitAccess</Data></Cell>
    <Cell ss:StyleID="s62"><Data ss:Type="String">IsExternal</Data></Cell>
    <Cell><Data ss:Type="String">PasswordExpiration</Data></Cell>
    <Cell ss:StyleID="s62"><Data ss:Type="String">IsPasswordChangeNeeded</Data></Cell>
    <Cell><Data ss:Type="String">LastLogin</Data></Cell>
    <Cell><Data ss:Type="String">IdentityProviderId</Data></Cell>
    <Cell><Data ss:Type="String">IdentityProviderCode</Data></Cell>
    <Cell><Data ss:Type="String">ProviderUniqueIdentifier</Data></Cell>
   </Row>
   <Row ss:AutoFitHeight="0">
    <Cell ss:Index="10"><Data ss:Type="Boolean">1</Data></Cell>
   </Row>
  </Table>
  <WorksheetOptions xmlns="urn:schemas-microsoft-com:office:excel">
   <PageSetup>
    <Header x:Margin="0.3"/>
    <Footer x:Margin="0.3"/>
    <PageMargins x:Bottom="0.75" x:Left="0.7" x:Right="0.7" x:Top="0.75"/>
   </PageSetup>
   <Unsynced/>
   <Selected/>
   <Panes>
    <Pane>
     <Number>3</Number>
     <ActiveRow>1</ActiveRow>
     <ActiveCol>10</ActiveCol>
    </Pane>
   </Panes>
   <ProtectObjects>False</ProtectObjects>
   <ProtectScenarios>False</ProtectScenarios>
  </WorksheetOptions>
 </Worksheet>
</Workbook>
