<?xml version="1.0"?>
<?mso-application progid="Excel.Sheet"?>
<Workbook xmlns="urn:schemas-microsoft-com:office:spreadsheet"
 xmlns:o="urn:schemas-microsoft-com:office:office"
 xmlns:x="urn:schemas-microsoft-com:office:excel"
 xmlns:ss="urn:schemas-microsoft-com:office:spreadsheet"
 xmlns:html="http://www.w3.org/TR/REC-html40">
 <DocumentProperties xmlns="urn:schemas-microsoft-com:office:office">
  <LastAuthor>Microsoft Office User</LastAuthor>
  <Created>2023-03-09T03:30:46Z</Created>
  <LastSaved>2023-05-29T06:23:38Z</LastSaved>
  <Version>16.00</Version>
 </DocumentProperties>
 <OfficeDocumentSettings xmlns="urn:schemas-microsoft-com:office:office">
  <AllowPNG/>
 </OfficeDocumentSettings>
 <ExcelWorkbook xmlns="urn:schemas-microsoft-com:office:excel">
  <WindowHeight>17440</WindowHeight>
  <WindowWidth>28040</WindowWidth>
  <WindowTopX>3260</WindowTopX>
  <WindowTopY>2160</WindowTopY>
  <ProtectStructure>False</ProtectStructure>
  <ProtectWindows>False</ProtectWindows>
 </ExcelWorkbook>
 <Styles>
  <Style ss:ID="Default" ss:Name="Normal">
   <Alignment ss:Vertical="Bottom"/>
   <Borders/>
   <Font ss:FontName="Calibri" x:Family="Swiss" ss:Size="12" ss:Color="#000000"/>
   <Interior/>
   <NumberFormat/>
   <Protection/>
  </Style>
  <Style ss:ID="s62">
   <Font ss:FontName="Calibri" x:Family="Swiss" ss:Size="12" ss:Color="#FF0000"/>
  </Style>
 </Styles>
 <Worksheet ss:Name="Materials">
  <Table ss:ExpandedColumnCount="91" ss:ExpandedRowCount="1" x:FullColumns="1"
   x:FullRows="1" ss:DefaultColumnWidth="65" ss:DefaultRowHeight="16">
   <Column ss:Width="110"/>
   <Column ss:Width="31"/>
   <Column ss:Width="62"/>
   <Column ss:Width="68" ss:Span="1"/>
   <Column ss:Index="6" ss:Width="70"/>
   <Column ss:Width="98"/>
   <Column ss:Width="76"/>
   <Column ss:Width="58"/>
   <Column ss:Width="60"/>
   <Column ss:Width="48"/>
   <Column ss:Width="49"/>
   <Column ss:Width="46"/>
   <Column ss:Width="28"/>
   <Column ss:Width="101"/>
   <Column ss:Width="56"/>
   <Column ss:Width="75"/>
   <Column ss:Width="52"/>
   <Column ss:Width="104"/>
   <Column ss:Width="76"/>
   <Column ss:Width="83"/>
   <Column ss:Width="46"/>
   <Column ss:Width="153"/>
   <Column ss:Width="66"/>
   <Column ss:Width="83"/>
   <Column ss:Width="43"/>
   <Column ss:Width="71"/>
   <Column ss:Width="78"/>
   <Column ss:Width="76"/>
   <Column ss:Width="61"/>
   <Column ss:Width="125"/>
   <Column ss:Width="79"/>
   <Column ss:Width="90"/>
   <Column ss:Width="30"/>
   <Column ss:Width="55"/>
   <Column ss:Width="68"/>
   <Column ss:Width="75"/>
   <Column ss:Width="80"/>
   <Column ss:Width="73" ss:Span="4"/>
   <Column ss:Index="44" ss:Width="61"/>
   <Column ss:Width="34"/>
   <Column ss:Width="52"/>
   <Column ss:Width="119" ss:Span="2"/>
   <Column ss:Index="50" ss:Width="107"/>
   <Column ss:Width="79"/>
   <Column ss:Width="154"/>
   <Column ss:Width="145"/>
   <Column ss:Width="98"/>
   <Column ss:Width="142"/>
   <Column ss:Width="196"/>
   <Column ss:Width="157"/>
   <Column ss:Width="181"/>
   <Column ss:Width="114"/>
   <Column ss:Width="142" ss:Span="4"/>
   <Column ss:Index="65" ss:Width="144" ss:Span="4"/>
   <Column ss:Index="70" ss:Width="162" ss:Span="4"/>
   <Column ss:Index="75" ss:Width="142"/>
   <Column ss:Width="157"/>
   <Column ss:Width="204"/>
   <Column ss:Width="133"/>
   <Column ss:Width="186"/>
   <Column ss:Width="148"/>
   <Column ss:Width="141"/>
   <Column ss:Width="156"/>
   <Column ss:Width="188"/>
   <Column ss:Width="144"/>
   <Column ss:Width="192"/>
   <Column ss:Width="143"/>
   <Column ss:Width="191"/>
   <Column ss:Width="115"/>
   <Column ss:Width="90"/>
   <Column ss:Width="175"/>
   <Column ss:Width="118"/>
   <Row ss:AutoFitHeight="0">
    <Cell ss:StyleID="s62"><Data ss:Type="String">MdcMaterialGroupId</Data></Cell>
    <Cell ss:StyleID="s62"><Data ss:Type="String">Code</Data></Cell>
    <Cell><Data ss:Type="String">MatchCode</Data></Cell>
    <Cell><Data ss:Type="String">Description1</Data></Cell>
    <Cell><Data ss:Type="String">Description2</Data></Cell>
    <Cell><Data ss:Type="String">Specification</Data></Cell>
    <Cell ss:StyleID="s62"><Data ss:Type="String">MdcMaterialAbcId</Data></Cell>
    <Cell><Data ss:Type="String">BasCurrencyId</Data></Cell>
    <Cell ss:StyleID="s62"><Data ss:Type="String">BasUomId</Data></Cell>
    <Cell ss:StyleID="s62"><Data ss:Type="String">RetailPrice</Data></Cell>
    <Cell ss:StyleID="s62"><Data ss:Type="String">ListPrice</Data></Cell>
    <Cell ss:StyleID="s62"><Data ss:Type="String">Discount</Data></Cell>
    <Cell ss:StyleID="s62"><Data ss:Type="String">Charges</Data></Cell>
    <Cell ss:StyleID="s62"><Data ss:Type="String">Cost</Data></Cell>
    <Cell><Data ss:Type="String">PrcPriceconditionId</Data></Cell>
    <Cell ss:StyleID="s62"><Data ss:Type="String">PriceExtra</Data></Cell>
    <Cell ss:StyleID="s62"><Data ss:Type="String">EstimatePrice</Data></Cell>
    <Cell ss:StyleID="s62"><Data ss:Type="String">PriceUnit</Data></Cell>
    <Cell ss:StyleID="s62"><Data ss:Type="String">BasUomPriceUnitId</Data></Cell>
    <Cell ss:StyleID="s62"><Data ss:Type="String">PriceUnitUom</Data></Cell>
    <Cell><Data ss:Type="String">FactorPriceUnit</Data></Cell>
    <Cell ss:StyleID="s62"><Data ss:Type="String">SellUnit</Data></Cell>
    <Cell><Data ss:Type="String">MdcMaterialDiscountGroupId</Data></Cell>
    <Cell ss:StyleID="s62"><Data ss:Type="String">WeightType</Data></Cell>
    <Cell ss:StyleID="s62"><Data ss:Type="String">WeightNumber</Data></Cell>
    <Cell ss:StyleID="s62"><Data ss:Type="String">Weight</Data></Cell>
    <Cell><Data ss:Type="String">ExternalCode</Data></Cell>
    <Cell><Data ss:Type="String">MdcTaxCodeId</Data></Cell>
    <Cell><Data ss:Type="String">SearchPattern</Data></Cell>
    <Cell><Data ss:Type="String">BasBlobsId</Data></Cell>
    <Cell><Data ss:Type="String">BasBlobsSpecificationId</Data></Cell>
    <Cell><Data ss:Type="String">MdcMaterialId</Data></Cell>
    <Cell><Data ss:Type="String">BpdAgreementId</Data></Cell>
    <Cell><Data ss:Type="String">Uuid</Data></Cell>
    <Cell ss:StyleID="s62"><Data ss:Type="String">LeadTime</Data></Cell>
    <Cell ss:StyleID="s62"><Data ss:Type="String">MinQuantity</Data></Cell>
    <Cell><Data ss:Type="String">EstCostTypeId</Data></Cell>
    <Cell ss:StyleID="s62"><Data ss:Type="String">LeadTimeExtra</Data></Cell>
    <Cell><Data ss:Type="String">Userdefined1</Data></Cell>
    <Cell><Data ss:Type="String">Userdefined2</Data></Cell>
    <Cell><Data ss:Type="String">Userdefined3</Data></Cell>
    <Cell><Data ss:Type="String">Userdefined4</Data></Cell>
    <Cell><Data ss:Type="String">Userdefined5</Data></Cell>
    <Cell ss:StyleID="s62"><Data ss:Type="String">FactorHour</Data></Cell>
    <Cell ss:StyleID="s62"><Data ss:Type="String">IsLive</Data></Cell>
    <Cell ss:StyleID="s62"><Data ss:Type="String">IsProduct</Data></Cell>
    <Cell><Data ss:Type="String">MdcBrandId</Data></Cell>
    <Cell><Data ss:Type="String">ModelName</Data></Cell>
    <Cell><Data ss:Type="String">UserdefinedText1</Data></Cell>
    <Cell><Data ss:Type="String">UserdefinedText2</Data></Cell>
    <Cell><Data ss:Type="String">UserdefinedText3</Data></Cell>
    <Cell><Data ss:Type="String">UserdefinedText4</Data></Cell>
    <Cell><Data ss:Type="String">UserdefinedText5</Data></Cell>
    <Cell><Data ss:Type="String">UserdefinedDate1</Data></Cell>
    <Cell><Data ss:Type="String">UserdefinedDate2</Data></Cell>
    <Cell><Data ss:Type="String">UserdefinedDate3</Data></Cell>
    <Cell><Data ss:Type="String">UserdefinedDate4</Data></Cell>
    <Cell><Data ss:Type="String">UserdefinedDate5</Data></Cell>
    <Cell ss:StyleID="s62"><Data ss:Type="String">UserdefinedNumber1</Data></Cell>
    <Cell ss:StyleID="s62"><Data ss:Type="String">UserdefinedNumber2</Data></Cell>
    <Cell ss:StyleID="s62"><Data ss:Type="String">UserdefinedNumber3</Data></Cell>
    <Cell ss:StyleID="s62"><Data ss:Type="String">UserdefinedNumber4</Data></Cell>
    <Cell ss:StyleID="s62"><Data ss:Type="String">UserdefinedNumber5</Data></Cell>
    <Cell><Data ss:Type="String">BasDangerClassId</Data></Cell>
    <Cell><Data ss:Type="String">BasPackageTypeId</Data></Cell>
    <Cell ss:StyleID="s62"><Data ss:Type="String">MaterialTempTypeId</Data></Cell>
    <Cell><Data ss:Type="String">MaterialTempId</Data></Cell>
    <Cell><Data ss:Type="String">BasUomVolumeId</Data></Cell>
    <Cell><Data ss:Type="String">Volume</Data></Cell>
    <Cell ss:StyleID="s62"><Data ss:Type="String">MaterialTypeId</Data></Cell>
    <Cell ss:StyleID="s62"><Data ss:Type="String">DayworkRate</Data></Cell>
    <Cell><Data ss:Type="String">BasUomWeightId</Data></Cell>
    <Cell><Data ss:Type="String">MdcMaterialStockId</Data></Cell>
   </Row>
  </Table>
  <WorksheetOptions xmlns="urn:schemas-microsoft-com:office:excel">
   <PageSetup>
    <Header x:Margin="0.3"/>
    <Footer x:Margin="0.3"/>
    <PageMargins x:Bottom="0.75" x:Left="0.7" x:Right="0.7" x:Top="0.75"/>
   </PageSetup>
   <Unsynced/>
   <Selected/>
   <Panes>
    <Pane>
     <Number>3</Number>
     <ActiveRow>1</ActiveRow>
    </Pane>
   </Panes>
   <ProtectObjects>False</ProtectObjects>
   <ProtectScenarios>False</ProtectScenarios>
  </WorksheetOptions>
 </Worksheet>
</Workbook>
