<?xml version="1.0"?>
<?mso-application progid="Excel.Sheet"?>
<Workbook xmlns="urn:schemas-microsoft-com:office:spreadsheet"
 xmlns:o="urn:schemas-microsoft-com:office:office"
 xmlns:x="urn:schemas-microsoft-com:office:excel"
 xmlns:ss="urn:schemas-microsoft-com:office:spreadsheet"
 xmlns:html="http://www.w3.org/TR/REC-html40">
 <DocumentProperties xmlns="urn:schemas-microsoft-com:office:office">
  <Author>Microsoft Office User</Author>
  <LastAuthor>Microsoft Office User</LastAuthor>
  <Created>2023-05-18T06:42:25Z</Created>
  <LastSaved>2023-05-18T06:59:17Z</LastSaved>
  <Version>16.00</Version>
 </DocumentProperties>
 <OfficeDocumentSettings xmlns="urn:schemas-microsoft-com:office:office">
  <AllowPNG/>
 </OfficeDocumentSettings>
 <ExcelWorkbook xmlns="urn:schemas-microsoft-com:office:excel">
  <SupBook>
   <Startup>/Users/florianneumayr/Library/Group Containers/UBF8T346G9.Office/User Content.localized/Startup.localized/Excel/SaveAsAdobePDF.xlam</Startup>
   <SheetName>Sheet1</SheetName>
   <Xct>
    <Count>0</Count>
    <SheetIndex>0</SheetIndex>
   </Xct>
  </SupBook>
  <WindowHeight>17440</WindowHeight>
  <WindowWidth>28040</WindowWidth>
  <WindowTopX>3260</WindowTopX>
  <WindowTopY>2160</WindowTopY>
  <ProtectStructure>False</ProtectStructure>
  <ProtectWindows>False</ProtectWindows>
 </ExcelWorkbook>
 <Styles>
  <Style ss:ID="Default" ss:Name="Normal">
   <Alignment ss:Vertical="Bottom"/>
   <Borders/>
   <Font ss:FontName="Calibri" x:Family="Swiss" ss:Size="12" ss:Color="#000000"/>
   <Interior/>
   <NumberFormat/>
   <Protection/>
  </Style>
  <Style ss:ID="s62">
   <Font ss:FontName="Calibri" x:Family="Swiss" ss:Size="12" ss:Color="#FF0000"/>
  </Style>
  <Style ss:ID="s63">
   <Font ss:FontName="Calibri" x:Family="Swiss" ss:Size="12"/>
  </Style>
 </Styles>
 <Worksheet ss:Name="BpdBusinessPartner2PrcStructure">
  <Table ss:ExpandedColumnCount="9" ss:ExpandedRowCount="1" x:FullColumns="1"
   x:FullRows="1" ss:DefaultColumnWidth="65" ss:DefaultRowHeight="16">
   <Column ss:Width="251"/>
   <Column ss:Width="267"/>
   <Column ss:Width="271"/>
   <Column ss:Width="319"/>
   <Column ss:Width="381"/>
   <Column ss:Width="323"/>
   <Column ss:Width="120"/>
   <Column ss:Width="56"/>
   <Column ss:Width="62"/>
   <Row ss:AutoFitHeight="0">
    <Cell ss:StyleID="s62"><Data ss:Type="String">BusinessPartner2PrcStructure.PrcStructureInfo.Id</Data></Cell>
    <Cell><Data ss:Type="String">BusinessPartner2PrcStructure.PrcStructureInfo.Code</Data></Cell>
    <Cell ss:StyleID="s62"><Data ss:Type="String">BusinessPartner2PrcStructure.BusinessPartnerInfo.Id</Data></Cell>
    <Cell><Data ss:Type="String">BusinessPartner2PrcStructure.BusinessPartnerInfo.MatchCode</Data></Cell>
    <Cell><Data ss:Type="String">BusinessPartner2PrcStructure.BusinessPartnerInfo.BusinessPartnerName1</Data></Cell>
    <Cell ss:StyleID="s63"><Data ss:Type="String">BusinessPartner2PrcStructure.BusinessPartnerInfo.SubsidiaryId</Data></Cell>
    <Cell ss:StyleID="s62"><Data ss:Type="String">UseCurrentClientForBp</Data></Cell>
    <Cell ss:StyleID="s62"><Data ss:Type="String">Overwrite</Data></Cell>
    <Cell ss:StyleID="s62"><Data ss:Type="String">LogOptions</Data></Cell>
   </Row>
  </Table>
  <WorksheetOptions xmlns="urn:schemas-microsoft-com:office:excel">
   <PageSetup>
    <Header x:Margin="0.3"/>
    <Footer x:Margin="0.3"/>
    <PageMargins x:Bottom="0.75" x:Left="0.7" x:Right="0.7" x:Top="0.75"/>
   </PageSetup>
   <Unsynced/>
   <Selected/>
   <Panes>
    <Pane>
     <Number>3</Number>
     <ActiveRow>1</ActiveRow>
    </Pane>
   </Panes>
   <ProtectObjects>False</ProtectObjects>
   <ProtectScenarios>False</ProtectScenarios>
  </WorksheetOptions>
 </Worksheet>
</Workbook>
