<?xml version="1.0"?>
<?mso-application progid="Excel.Sheet"?>
<Workbook xmlns="urn:schemas-microsoft-com:office:spreadsheet"
 xmlns:o="urn:schemas-microsoft-com:office:office"
 xmlns:x="urn:schemas-microsoft-com:office:excel"
 xmlns:ss="urn:schemas-microsoft-com:office:spreadsheet"
 xmlns:html="http://www.w3.org/TR/REC-html40">
 <DocumentProperties xmlns="urn:schemas-microsoft-com:office:office">
  <Author>Microsoft Office User</Author>
  <LastAuthor>Microsoft Office User</LastAuthor>
  <Created>2023-03-10T04:05:57Z</Created>
  <LastSaved>2023-04-05T02:37:03Z</LastSaved>
  <Version>16.00</Version>
 </DocumentProperties>
 <OfficeDocumentSettings xmlns="urn:schemas-microsoft-com:office:office">
  <AllowPNG/>
 </OfficeDocumentSettings>
 <ExcelWorkbook xmlns="urn:schemas-microsoft-com:office:excel">
  <SupBook>
   <Startup>/Users/florianneumayr/Library/Group Containers/UBF8T346G9.Office/User Content.localized/Startup.localized/Excel/SaveAsAdobePDF.xlam</Startup>
   <SheetName>Sheet1</SheetName>
   <Xct>
    <Count>0</Count>
    <SheetIndex>0</SheetIndex>
   </Xct>
  </SupBook>
  <WindowHeight>17440</WindowHeight>
  <WindowWidth>32767</WindowWidth>
  <WindowTopX>32767</WindowTopX>
  <WindowTopY>24100</WindowTopY>
  <ProtectStructure>False</ProtectStructure>
  <ProtectWindows>False</ProtectWindows>
 </ExcelWorkbook>
 <Styles>
  <Style ss:ID="Default" ss:Name="Normal">
   <Alignment ss:Vertical="Bottom"/>
   <Borders/>
   <Font ss:FontName="Calibri" x:Family="Swiss" ss:Size="12" ss:Color="#000000"/>
   <Interior/>
   <NumberFormat/>
   <Protection/>
  </Style>
  <Style ss:ID="s62">
   <Font ss:FontName="Calibri" x:Family="Swiss" ss:Size="12" ss:Color="#FF0000"/>
  </Style>
 </Styles>
 <Worksheet ss:Name="Procurement Structure">
  <Table ss:ExpandedColumnCount="69" ss:ExpandedRowCount="1" x:FullColumns="1"
   x:FullRows="1" ss:DefaultColumnWidth="65" ss:DefaultRowHeight="16">
   <Column ss:Width="31"/>
   <Column ss:Width="62"/>
   <Column ss:Width="76"/>
   <Column ss:AutoFitWidth="0" ss:Width="93"/>
   <Column ss:Width="123"/>
   <Column ss:Width="74"/>
   <Column ss:AutoFitWidth="0" ss:Width="94"/>
   <Column ss:Width="100"/>
   <Column ss:AutoFitWidth="0" ss:Width="109"/>
   <Column ss:Width="82"/>
   <Column ss:AutoFitWidth="0" ss:Width="96"/>
   <Column ss:Width="130"/>
   <Column ss:AutoFitWidth="0" ss:Width="111"/>
   <Column ss:Width="125"/>
   <Column ss:Width="157"/>
   <Column ss:AutoFitWidth="0" ss:Width="109"/>
   <Column ss:Width="125"/>
   <Column ss:Width="157"/>
   <Column ss:AutoFitWidth="0" ss:Width="110"/>
   <Column ss:Width="125"/>
   <Column ss:Width="157"/>
   <Column ss:AutoFitWidth="0" ss:Width="117"/>
   <Column ss:Width="125"/>
   <Column ss:Width="157"/>
   <Column ss:AutoFitWidth="0" ss:Width="111"/>
   <Column ss:Width="125"/>
   <Column ss:Width="157"/>
   <Column ss:AutoFitWidth="0" ss:Width="112"/>
   <Column ss:Width="125"/>
   <Column ss:Width="157"/>
   <Column ss:AutoFitWidth="0" ss:Width="82"/>
   <Column ss:Width="93"/>
   <Column ss:Width="125"/>
   <Column ss:AutoFitWidth="0" ss:Width="102"/>
   <Column ss:Width="115"/>
   <Column ss:Width="147"/>
   <Column ss:Width="34"/>
   <Column ss:Width="93"/>
   <Column ss:Width="96"/>
   <Column ss:Width="103"/>
   <Column ss:Width="84" ss:Span="1"/>
   <Column ss:Index="43" ss:Width="123"/>
   <Column ss:Width="155"/>
   <Column ss:AutoFitWidth="0" ss:Width="109"/>
   <Column ss:Width="123"/>
   <Column ss:Width="155"/>
   <Column ss:AutoFitWidth="0" ss:Width="109"/>
   <Column ss:Width="123"/>
   <Column ss:Width="155"/>
   <Column ss:AutoFitWidth="0" ss:Width="107"/>
   <Column ss:Width="123"/>
   <Column ss:Width="155"/>
   <Column ss:AutoFitWidth="0" ss:Width="111"/>
   <Column ss:Width="123"/>
   <Column ss:Width="155"/>
   <Column ss:AutoFitWidth="0" ss:Width="70"/>
   <Column ss:Width="113"/>
   <Column ss:AutoFitWidth="0" ss:Width="99"/>
   <Column ss:Width="111"/>
   <Column ss:Width="143"/>
   <Column ss:AutoFitWidth="0" ss:Width="100"/>
   <Column ss:Width="115"/>
   <Column ss:Width="147"/>
   <Column ss:Width="76" ss:Span="1"/>
   <Column ss:Index="67" ss:AutoFitWidth="0" ss:Width="140"/>
   <Column ss:AutoFitWidth="0" ss:Width="102"/>
   <Column ss:Width="144"/>
   <Row ss:AutoFitHeight="0">
    <Cell ss:StyleID="s62"><Data ss:Type="String">Code</Data></Cell>
    <Cell><Data ss:Type="String">Description</Data></Cell>
    <Cell><Data ss:Type="String">PrcStructureId</Data></Cell>
    <Cell><Data ss:Type="String">PrcStructureCode</Data></Cell>
    <Cell><Data ss:Type="String">PrcStructureDescription</Data></Cell>
    <Cell><Data ss:Type="String">MdcContextId</Data></Cell>
    <Cell><Data ss:Type="String">MdcContextDesc</Data></Cell>
    <Cell ss:StyleID="s62"><Data ss:Type="String">PrcStructureTypeId</Data></Cell>
    <Cell><Data ss:Type="String">PrcStructureTypeDesc</Data></Cell>
    <Cell><Data ss:Type="String">MdcCostCodeId</Data></Cell>
    <Cell><Data ss:Type="String">MdcCostCodeCode</Data></Cell>
    <Cell><Data ss:Type="String">MdcCostCodeDescription</Data></Cell>
    <Cell><Data ss:Type="String">MdcCostCodeURP1Id</Data></Cell>
    <Cell><Data ss:Type="String">MdcCostCodeURP1Code</Data></Cell>
    <Cell><Data ss:Type="String">MdcCostCodeURP1Description</Data></Cell>
    <Cell><Data ss:Type="String">MdcCostCodeURP2Id</Data></Cell>
    <Cell><Data ss:Type="String">MdcCostCodeURP2Code</Data></Cell>
    <Cell><Data ss:Type="String">MdcCostCodeURP2Description</Data></Cell>
    <Cell><Data ss:Type="String">MdcCostCodeURP3Id</Data></Cell>
    <Cell><Data ss:Type="String">MdcCostCodeURP3Code</Data></Cell>
    <Cell><Data ss:Type="String">MdcCostCodeURP3Description</Data></Cell>
    <Cell><Data ss:Type="String">MdcCostCodeURP4Id</Data></Cell>
    <Cell><Data ss:Type="String">MdcCostCodeURP4Code</Data></Cell>
    <Cell><Data ss:Type="String">MdcCostCodeURP4Description</Data></Cell>
    <Cell><Data ss:Type="String">MdcCostCodeURP5Id</Data></Cell>
    <Cell><Data ss:Type="String">MdcCostCodeURP5Code</Data></Cell>
    <Cell><Data ss:Type="String">MdcCostCodeURP5Description</Data></Cell>
    <Cell><Data ss:Type="String">MdcCostCodeURP6Id</Data></Cell>
    <Cell><Data ss:Type="String">MdcCostCodeURP6Code</Data></Cell>
    <Cell><Data ss:Type="String">MdcCostCodeURP6Description</Data></Cell>
    <Cell><Data ss:Type="String">MdcTaxCodeId</Data></Cell>
    <Cell><Data ss:Type="String">MdcTaxCodeCode</Data></Cell>
    <Cell><Data ss:Type="String">MdcTaxCodeDescription</Data></Cell>
    <Cell><Data ss:Type="String">MdcCostCodeVatId</Data></Cell>
    <Cell><Data ss:Type="String">MdcCostCodeVatCode</Data></Cell>
    <Cell><Data ss:Type="String">MdcCostCodeVatDescription</Data></Cell>
    <Cell ss:StyleID="s62"><Data ss:Type="String">IsLive</Data></Cell>
    <Cell ss:StyleID="s62"><Data ss:Type="String">AllowAssignment</Data></Cell>
    <Cell ss:StyleID="s62"><Data ss:Type="String">IsFormalHandover</Data></Cell>
    <Cell ss:StyleID="s62"><Data ss:Type="String">IsApprovalRequired</Data></Cell>
    <Cell ss:StyleID="s62"><Data ss:Type="String">IsStockExcluded</Data></Cell>
    <Cell><Data ss:Type="String">PrcStructureLevel1Id</Data></Cell>
    <Cell><Data ss:Type="String">PrcStructureLevel1Code</Data></Cell>
    <Cell><Data ss:Type="String">PrcStructureLevel1Description</Data></Cell>
    <Cell><Data ss:Type="String">PrcStructureLevel2Id</Data></Cell>
    <Cell><Data ss:Type="String">PrcStructureLevel2Code</Data></Cell>
    <Cell><Data ss:Type="String">PrcStructureLevel2Description</Data></Cell>
    <Cell><Data ss:Type="String">PrcStructureLevel3Id</Data></Cell>
    <Cell><Data ss:Type="String">PrcStructureLevel3Code</Data></Cell>
    <Cell><Data ss:Type="String">PrcStructureLevel3Description</Data></Cell>
    <Cell><Data ss:Type="String">PrcStructureLevel4Id</Data></Cell>
    <Cell><Data ss:Type="String">PrcStructureLevel4Code</Data></Cell>
    <Cell><Data ss:Type="String">PrcStructureLevel4Description</Data></Cell>
    <Cell><Data ss:Type="String">PrcStructureLevel5Id</Data></Cell>
    <Cell><Data ss:Type="String">PrcStructureLevel5Code</Data></Cell>
    <Cell><Data ss:Type="String">PrcStructureLevel5Description</Data></Cell>
    <Cell><Data ss:Type="String">BasScurveId</Data></Cell>
    <Cell><Data ss:Type="String">BasScurveDescription</Data></Cell>
    <Cell><Data ss:Type="String">BasClerkRolePrcId</Data></Cell>
    <Cell><Data ss:Type="String">BasClerkRolePrcCode</Data></Cell>
    <Cell><Data ss:Type="String">BasClerkRolePrcDescription</Data></Cell>
    <Cell><Data ss:Type="String">BasClerkRoleReqId</Data></Cell>
    <Cell><Data ss:Type="String">BasClerkRoleReqCode</Data></Cell>
    <Cell><Data ss:Type="String">BasClerkRoleReqDescription</Data></Cell>
    <Cell><Data ss:Type="String">CommentText</Data></Cell>
    <Cell ss:StyleID="s62"><Data ss:Type="String">BasLoadingCostId</Data></Cell>
    <Cell><Data ss:Type="String">BasLoadingCostDescription</Data></Cell>
    <Cell><Data ss:Type="String">PrcConfigheaderId</Data></Cell>
    <Cell><Data ss:Type="String">PrcConfigheaderDescription</Data></Cell>
   </Row>
  </Table>
  <WorksheetOptions xmlns="urn:schemas-microsoft-com:office:excel">
   <PageSetup>
    <Header x:Margin="0.3"/>
    <Footer x:Margin="0.3"/>
    <PageMargins x:Bottom="0.75" x:Left="0.7" x:Right="0.7" x:Top="0.75"/>
   </PageSetup>
   <Unsynced/>
   <Selected/>
   <ProtectObjects>False</ProtectObjects>
   <ProtectScenarios>False</ProtectScenarios>
  </WorksheetOptions>
 </Worksheet>
</Workbook>
