<?xml version="1.0"?>
<?mso-application progid="Excel.Sheet"?>
<Workbook xmlns="urn:schemas-microsoft-com:office:spreadsheet"
 xmlns:o="urn:schemas-microsoft-com:office:office"
 xmlns:x="urn:schemas-microsoft-com:office:excel"
 xmlns:ss="urn:schemas-microsoft-com:office:spreadsheet"
 xmlns:html="http://www.w3.org/TR/REC-html40">
 <DocumentProperties xmlns="urn:schemas-microsoft-com:office:office">
  <Author>Microsoft Office User</Author>
  <LastAuthor>Microsoft Office User</LastAuthor>
  <Created>2023-03-10T04:05:57Z</Created>
  <LastSaved>2023-04-05T02:45:48Z</LastSaved>
  <Version>16.00</Version>
 </DocumentProperties>
 <OfficeDocumentSettings xmlns="urn:schemas-microsoft-com:office:office">
  <AllowPNG/>
 </OfficeDocumentSettings>
 <ExcelWorkbook xmlns="urn:schemas-microsoft-com:office:excel">
  <SupBook>
   <Startup>/Users/florianneumayr/Library/Group Containers/UBF8T346G9.Office/User Content.localized/Startup.localized/Excel/SaveAsAdobePDF.xlam</Startup>
   <SheetName>Sheet1</SheetName>
   <Xct>
    <Count>0</Count>
    <SheetIndex>0</SheetIndex>
   </Xct>
  </SupBook>
  <WindowHeight>17440</WindowHeight>
  <WindowWidth>32767</WindowWidth>
  <WindowTopX>32767</WindowTopX>
  <WindowTopY>25100</WindowTopY>
  <ProtectStructure>False</ProtectStructure>
  <ProtectWindows>False</ProtectWindows>
 </ExcelWorkbook>
 <Styles>
  <Style ss:ID="Default" ss:Name="Normal">
   <Alignment ss:Vertical="Bottom"/>
   <Borders/>
   <Font ss:FontName="Calibri" x:Family="Swiss" ss:Size="12" ss:Color="#000000"/>
   <Interior/>
   <NumberFormat/>
   <Protection/>
  </Style>
  <Style ss:ID="s62">
   <Font ss:FontName="Calibri" x:Family="Swiss" ss:Size="12" ss:Color="#FF0000"/>
  </Style>
 </Styles>
 <Worksheet ss:Name="Cost Codes">
  <Table ss:ExpandedColumnCount="41" ss:ExpandedRowCount="1" x:FullColumns="1"
   x:FullRows="1" ss:DefaultColumnWidth="65" ss:DefaultRowHeight="16">
   <Row ss:AutoFitHeight="0">
    <Cell ss:StyleID="s62"><Data ss:Type="String">MdcContextId</Data></Cell>
    <Cell><Data ss:Type="String">MdcCostCodeParentId</Data></Cell>
    <Cell ss:StyleID="s62"><Data ss:Type="String">Code</Data></Cell>
    <Cell><Data ss:Type="String">Description</Data></Cell>
    <Cell><Data ss:Type="String">FurtherDescription</Data></Cell>
    <Cell ss:StyleID="s62"><Data ss:Type="String">IsLabour</Data></Cell>
    <Cell ss:StyleID="s62"><Data ss:Type="String">SubContractor</Data></Cell>
    <Cell ss:StyleID="s62"><Data ss:Type="String">IsRate</Data></Cell>
    <Cell ss:StyleID="s62"><Data ss:Type="String">Rate</Data></Cell>
    <Cell><Data ss:Type="String">CostCodeCurrencyId</Data></Cell>
    <Cell><Data ss:Type="String">CostCodeCurrency</Data></Cell>
    <Cell><Data ss:Type="String">UomId</Data></Cell>
    <Cell><Data ss:Type="String">UomDesc</Data></Cell>
    <Cell><Data ss:Type="String">CostCodeTypeId</Data></Cell>
    <Cell><Data ss:Type="String">CostCodePortionsId</Data></Cell>
    <Cell><Data ss:Type="String">CostGroupPortionsId</Data></Cell>
    <Cell><Data ss:Type="String">ABCClassificationId</Data></Cell>
    <Cell><Data ss:Type="String">PrcStructureId</Data></Cell>
    <Cell ss:StyleID="s62"><Data ss:Type="String">FactorCosts</Data></Cell>
    <Cell ss:StyleID="s62"><Data ss:Type="String">RealFactorCosts</Data></Cell>
    <Cell ss:StyleID="s62"><Data ss:Type="String">FactorQuantity</Data></Cell>
    <Cell ss:StyleID="s62"><Data ss:Type="String">RealFactorQuantity</Data></Cell>
    <Cell ss:StyleID="s62"><Data ss:Type="String">Surcharge</Data></Cell>
    <Cell ss:StyleID="s62"><Data ss:Type="String">Contribution</Data></Cell>
    <Cell ss:StyleID="s62"><Data ss:Type="String">DayWorkRate</Data></Cell>
    <Cell><Data ss:Type="String">Remark</Data></Cell>
    <Cell><Data ss:Type="String">UserDefined1</Data></Cell>
    <Cell><Data ss:Type="String">UserDefined2</Data></Cell>
    <Cell><Data ss:Type="String">UserDefined3</Data></Cell>
    <Cell><Data ss:Type="String">UserDefined4</Data></Cell>
    <Cell><Data ss:Type="String">UserDefined5</Data></Cell>
    <Cell><Data ss:Type="String">SearchPattern</Data></Cell>
    <Cell><Data ss:Type="String">ContrCostCodeId</Data></Cell>
    <Cell ss:StyleID="s62"><Data ss:Type="String">FactorHour</Data></Cell>
    <Cell ss:StyleID="s62"><Data ss:Type="String">IsBudget</Data></Cell>
    <Cell ss:StyleID="s62"><Data ss:Type="String">IsCost</Data></Cell>
    <Cell><Data ss:Type="String">CostTypeId</Data></Cell>
    <Cell ss:StyleID="s62"><Data ss:Type="String">IsEditable</Data></Cell>
    <Cell ss:StyleID="s62"><Data ss:Type="String">IsProjectChildAllowed</Data></Cell>
    <Cell><Data ss:Type="String">BasEfbType221</Data></Cell>
    <Cell><Data ss:Type="String">BasEfbType222</Data></Cell>
   </Row>
  </Table>
  <WorksheetOptions xmlns="urn:schemas-microsoft-com:office:excel">
   <PageSetup>
    <Header x:Margin="0.3"/>
    <Footer x:Margin="0.3"/>
    <PageMargins x:Bottom="0.75" x:Left="0.7" x:Right="0.7" x:Top="0.75"/>
   </PageSetup>
   <Unsynced/>
   <Selected/>
   <ProtectObjects>False</ProtectObjects>
   <ProtectScenarios>False</ProtectScenarios>
  </WorksheetOptions>
 </Worksheet>
</Workbook>
