<?xml version="1.0"?>
<?mso-application progid="Excel.Sheet"?>
<Workbook xmlns="urn:schemas-microsoft-com:office:spreadsheet"
 xmlns:o="urn:schemas-microsoft-com:office:office"
 xmlns:x="urn:schemas-microsoft-com:office:excel"
 xmlns:ss="urn:schemas-microsoft-com:office:spreadsheet"
 xmlns:html="http://www.w3.org/TR/REC-html40">
 <DocumentProperties xmlns="urn:schemas-microsoft-com:office:office">
  <LastAuthor>Microsoft Office User</LastAuthor>
  <Created>2023-03-09T03:30:46Z</Created>
  <LastSaved>2023-04-05T03:13:17Z</LastSaved>
  <Version>16.00</Version>
 </DocumentProperties>
 <OfficeDocumentSettings xmlns="urn:schemas-microsoft-com:office:office">
  <AllowPNG/>
 </OfficeDocumentSettings>
 <ExcelWorkbook xmlns="urn:schemas-microsoft-com:office:excel">
  <WindowHeight>17440</WindowHeight>
  <WindowWidth>32767</WindowWidth>
  <WindowTopX>32767</WindowTopX>
  <WindowTopY>25040</WindowTopY>
  <ProtectStructure>False</ProtectStructure>
  <ProtectWindows>False</ProtectWindows>
 </ExcelWorkbook>
 <Styles>
  <Style ss:ID="Default" ss:Name="Normal">
   <Alignment ss:Vertical="Bottom"/>
   <Borders/>
   <Font ss:FontName="Calibri" x:Family="Swiss" ss:Size="12" ss:Color="#000000"/>
   <Interior/>
   <NumberFormat/>
   <Protection/>
  </Style>
  <Style ss:ID="s63">
   <Font ss:FontName="Calibri" x:Family="Swiss" ss:Size="12" ss:Color="#FF0000"/>
  </Style>
 </Styles>
 <Worksheet ss:Name="BusinessPartner">
  <Table ss:ExpandedColumnCount="80" ss:ExpandedRowCount="1" x:FullColumns="1"
   x:FullRows="1" ss:DefaultColumnWidth="65" ss:DefaultRowHeight="16">
   <Column ss:Width="127" ss:Span="1"/>
   <Column ss:Index="3" ss:AutoFitWidth="0" ss:Width="42"/>
   <Column ss:AutoFitWidth="0" ss:Width="41" ss:Span="1"/>
   <Column ss:Index="6" ss:Width="123" ss:Span="3"/>
   <Column ss:Index="10" ss:AutoFitWidth="0" ss:Width="73"/>
   <Column ss:Width="61"/>
   <Column ss:Width="46"/>
   <Column ss:Width="35" ss:Span="4"/>
   <Column ss:Index="18" ss:Width="38" ss:Span="1"/>
   <Column ss:Index="20" ss:Width="76"/>
   <Column ss:Width="90" ss:Span="4"/>
   <Column ss:Index="26" ss:Width="72" ss:Span="6"/>
   <Column ss:Index="33" ss:AutoFitWidth="0" ss:Width="42"/>
   <Column ss:AutoFitWidth="0" ss:Width="72" ss:Span="1"/>
   <Column ss:Index="36" ss:Width="95"/>
   <Column ss:Width="51" ss:Span="3"/>
   <Column ss:Index="41" ss:Width="74" ss:Span="4"/>
   <Column ss:Index="46" ss:Width="149" ss:Span="3"/>
   <Column ss:Index="50" ss:Width="91" ss:Span="1"/>
   <Column ss:Index="52" ss:Width="138"/>
   <Column ss:Index="54" ss:Width="131"/>
   <Column ss:Width="113"/>
   <Column ss:Width="95"/>
   <Column ss:Width="146" ss:Span="1"/>
   <Column ss:Index="59" ss:Width="131"/>
   <Column ss:Width="129" ss:Span="3"/>
   <Column ss:Index="64" ss:Width="88"/>
   <Column ss:Width="127"/>
   <Column ss:Width="142" ss:Span="1"/>
   <Column ss:Index="68" ss:Width="125" ss:Span="4"/>
   <Column ss:Index="73" ss:Width="130"/>
   <Row ss:AutoFitHeight="0">
    <Cell ss:StyleID="s63"><Data ss:Type="String">BusinessPartnerStatusId</Data></Cell>
    <Cell><Data ss:Type="String">BusinessPartnerStatus2Id</Data></Cell>
    <Cell><Data ss:Type="String">Avaid</Data></Cell>
    <Cell ss:StyleID="s63"><Data ss:Type="String">IsLive</Data></Cell>
    <Cell ss:StyleID="s63"><Data ss:Type="String">IsAnonymized</Data></Cell>
    <Cell ss:StyleID="s63"><Data ss:Type="String">BusinessPartnerName1</Data></Cell>
    <Cell><Data ss:Type="String">BusinessPartnerName2</Data></Cell>
    <Cell><Data ss:Type="String">BusinessPartnerName3</Data></Cell>
    <Cell><Data ss:Type="String">BusinessPartnerName4</Data></Cell>
    <Cell><Data ss:Type="String">MatchCode</Data></Cell>
    <Cell ss:StyleID="s63"><Data ss:Type="String">CompanyId</Data></Cell>
    <Cell><Data ss:Type="String">Internet</Data></Cell>
    <Cell><Data ss:Type="String">Email</Data></Cell>
    <Cell><Data ss:Type="String">CrefoNo</Data></Cell>
    <Cell><Data ss:Type="String">BedirektNo</Data></Cell>
    <Cell><Data ss:Type="String">DunsNo</Data></Cell>
    <Cell><Data ss:Type="String">Code</Data></Cell>
    <Cell><Data ss:Type="String">VatNo</Data></Cell>
    <Cell><Data ss:Type="String">TaxNo</Data></Cell>
    <Cell><Data ss:Type="String">TradeRegister</Data></Cell>
    <Cell><Data ss:Type="String">TradeRegisterNo</Data></Cell>
    <Cell><Data ss:Type="String">TradeRegisterDate</Data></Cell>
    <Cell><Data ss:Type="String">CraftCooperative</Data></Cell>
    <Cell><Data ss:Type="String">CraftCooperativeType</Data></Cell>
    <Cell><Data ss:Type="String">CraftCooperativeDate</Data></Cell>
    <Cell><Data ss:Type="String">IsNationwide</Data></Cell>
    <Cell><Data ss:Type="String">ClerkId</Data></Cell>
    <Cell><Data ss:Type="String">CustomerAbcId</Data></Cell>
    <Cell><Data ss:Type="String">CustomerSectorId</Data></Cell>
    <Cell><Data ss:Type="String">CustomerStatusId</Data></Cell>
    <Cell><Data ss:Type="String">CustomerGroupId</Data></Cell>
    <Cell><Data ss:Type="String">CustomerBranchId</Data></Cell>
    <Cell><Data ss:Type="String">TitleId</Data></Cell>
    <Cell><Data ss:Type="String">LegalFormId</Data></Cell>
    <Cell><Data ss:Type="String">CreditStandingId</Data></Cell>
    <Cell><Data ss:Type="String">RemarkMarketing</Data></Cell>
    <Cell><Data ss:Type="String">Remark1</Data></Cell>
    <Cell><Data ss:Type="String">Remark2</Data></Cell>
    <Cell><Data ss:Type="String">BusinessPartnerLanguageId</Data></Cell>
    <Cell><Data ss:Type="String">CommunicationChannelId</Data></Cell>
    <Cell><Data ss:Type="String">UserDefined1</Data></Cell>
    <Cell><Data ss:Type="String">UserDefined2</Data></Cell>
    <Cell><Data ss:Type="String">UserDefined3</Data></Cell>
    <Cell><Data ss:Type="String">UserDefined4</Data></Cell>
    <Cell><Data ss:Type="String">UserDefined5</Data></Cell>
    <Cell><Data ss:Type="String">LocalBusinessPartnerName1</Data></Cell>
    <Cell><Data ss:Type="String">LocalBusinessPartnerName2</Data></Cell>
    <Cell><Data ss:Type="String">LocalBusinessPartnerName3</Data></Cell>
    <Cell><Data ss:Type="String">LocalBusinessPartnerName4</Data></Cell>
    <Cell><Data ss:Type="String">ReferenceValue1</Data></Cell>
    <Cell><Data ss:Type="String">ReferenceValue2</Data></Cell>
    <Cell ss:StyleID="s63"><Data ss:Type="String">HasFrameworkAgreement</Data></Cell>
    <Cell><Data ss:Type="String">TradeName</Data></Cell>
    <Cell><Data ss:Type="String">SubsidiaryIsMainAddress</Data></Cell>
    <Cell><Data ss:Type="String">SubsidiaryDescription</Data></Cell>
    <Cell><Data ss:Type="String">SubsidiaryRemark</Data></Cell>
    <Cell><Data ss:Type="String">SubsidiaryTelephonePattern</Data></Cell>
    <Cell><Data ss:Type="String">SubsidiaryTelephone2Pattern</Data></Cell>
    <Cell><Data ss:Type="String">SubsidiaryTelefaxPattern</Data></Cell>
    <Cell><Data ss:Type="String">SubsidiaryMobilePattern</Data></Cell>
    <Cell><Data ss:Type="String">SubsidiaryInnNo</Data></Cell>
    <Cell><Data ss:Type="String">SubsidiaryBedirektNo</Data></Cell>
    <Cell><Data ss:Type="String">SubsidiaryVatNo</Data></Cell>
    <Cell><Data ss:Type="String">SubsidiaryTaxNo</Data></Cell>
    <Cell><Data ss:Type="String">SubsidiaryTradeRegister</Data></Cell>
    <Cell><Data ss:Type="String">SubsidiaryTradeRegisterNo</Data></Cell>
    <Cell><Data ss:Type="String">SubsidiaryTradeRegisterDate</Data></Cell>
    <Cell><Data ss:Type="String">SubsidiaryUserDefined1</Data></Cell>
    <Cell><Data ss:Type="String">SubsidiaryUserDefined2</Data></Cell>
    <Cell><Data ss:Type="String">SubsidiaryUserDefined3</Data></Cell>
    <Cell><Data ss:Type="String">SubsidiaryUserDefined4</Data></Cell>
    <Cell><Data ss:Type="String">SubsidiaryUserDefined5</Data></Cell>
    <Cell><Data ss:Type="String">SubsidiaryAddressTypeId</Data></Cell>
    <Cell><Data ss:Type="String">SubsidiaryTelephoneNumberId</Data></Cell>
    <Cell><Data ss:Type="String">SubsidiaryEmail</Data></Cell>
    <Cell><Data ss:Type="String">TaxOfficeCode</Data></Cell>
    <Cell><Data ss:Type="String">VatNoEu</Data></Cell>
    <Cell><Data ss:Type="String">PrcIncotermId</Data></Cell>
    <Cell><Data ss:Type="String">VatCountryId</Data></Cell>
    <Cell><Data ss:Type="String">RubricCategoryId</Data></Cell>
   </Row>
  </Table>
  <WorksheetOptions xmlns="urn:schemas-microsoft-com:office:excel">
   <PageSetup>
    <Header x:Margin="0.3"/>
    <Footer x:Margin="0.3"/>
    <PageMargins x:Bottom="0.75" x:Left="0.7" x:Right="0.7" x:Top="0.75"/>
   </PageSetup>
   <Unsynced/>
   <Selected/>
   <Panes>
    <Pane>
     <Number>3</Number>
     <ActiveRow>1</ActiveRow>
    </Pane>
   </Panes>
   <ProtectObjects>False</ProtectObjects>
   <ProtectScenarios>False</ProtectScenarios>
  </WorksheetOptions>
 </Worksheet>
</Workbook>
