<?xml version="1.0"?>
<?mso-application progid="Excel.Sheet"?>
<Workbook xmlns="urn:schemas-microsoft-com:office:spreadsheet"
 xmlns:o="urn:schemas-microsoft-com:office:office"
 xmlns:x="urn:schemas-microsoft-com:office:excel"
 xmlns:ss="urn:schemas-microsoft-com:office:spreadsheet"
 xmlns:html="http://www.w3.org/TR/REC-html40">
 <DocumentProperties xmlns="urn:schemas-microsoft-com:office:office">
  <LastAuthor>Microsoft Office User</LastAuthor>
  <Created>2023-03-09T03:30:46Z</Created>
  <LastSaved>2023-04-05T02:57:29Z</LastSaved>
  <Version>16.00</Version>
 </DocumentProperties>
 <OfficeDocumentSettings xmlns="urn:schemas-microsoft-com:office:office">
  <AllowPNG/>
 </OfficeDocumentSettings>
 <ExcelWorkbook xmlns="urn:schemas-microsoft-com:office:excel">
  <SupBook>
   <Startup>/Users/florianneumayr/Library/Group Containers/UBF8T346G9.Office/User Content.localized/Startup.localized/Excel/SaveAsAdobePDF.xlam</Startup>
   <SheetName>Sheet1</SheetName>
   <Xct>
    <Count>0</Count>
    <SheetIndex>0</SheetIndex>
   </Xct>
  </SupBook>
  <WindowHeight>17440</WindowHeight>
  <WindowWidth>32767</WindowWidth>
  <WindowTopX>32767</WindowTopX>
  <WindowTopY>25760</WindowTopY>
  <ProtectStructure>False</ProtectStructure>
  <ProtectWindows>False</ProtectWindows>
 </ExcelWorkbook>
 <Styles>
  <Style ss:ID="Default" ss:Name="Normal">
   <Alignment ss:Vertical="Bottom"/>
   <Borders/>
   <Font ss:FontName="Calibri" x:Family="Swiss" ss:Size="12" ss:Color="#000000"/>
   <Interior/>
   <NumberFormat/>
   <Protection/>
  </Style>
  <Style ss:ID="s63">
   <Font ss:FontName="Calibri" x:Family="Swiss" ss:Size="12" ss:Color="#FF0000"/>
  </Style>
 </Styles>
 <Worksheet ss:Name="Contacts">
  <Table ss:ExpandedColumnCount="41" ss:ExpandedRowCount="1" x:FullColumns="1"
   x:FullRows="1" ss:DefaultColumnWidth="65" ss:DefaultRowHeight="16">
   <Column ss:Index="18" ss:AutoFitWidth="0" ss:Width="74"/>
   <Row ss:AutoFitHeight="0">
    <Cell ss:StyleID="s63"><Data ss:Type="String">BusinessPartnerId</Data></Cell>
    <Cell><Data ss:Type="String">SubsidiaryId</Data></Cell>
    <Cell><Data ss:Type="String">TitleId</Data></Cell>
    <Cell><Data ss:Type="String">Title</Data></Cell>
    <Cell><Data ss:Type="String">FirstName</Data></Cell>
    <Cell><Data ss:Type="String">FamilyName</Data></Cell>
    <Cell><Data ss:Type="String">Initials</Data></Cell>
    <Cell ss:StyleID="s63"><Data ss:Type="String">CompanyId</Data></Cell>
    <Cell><Data ss:Type="String">ClerkResponsibleId</Data></Cell>
    <Cell><Data ss:Type="String">Pronunciation</Data></Cell>
    <Cell><Data ss:Type="String">CountryId</Data></Cell>
    <Cell><Data ss:Type="String">ContactRoleId</Data></Cell>
    <Cell><Data ss:Type="String">TelephonePattern</Data></Cell>
    <Cell><Data ss:Type="String">ContactTimelinessId</Data></Cell>
    <Cell><Data ss:Type="String">ContactOriginId</Data></Cell>
    <Cell><Data ss:Type="String">ContactAbcId</Data></Cell>
    <Cell><Data ss:Type="String">TelephonePattern</Data></Cell>
    <Cell><Data ss:Type="String">TelephoneNumberId</Data></Cell>
    <Cell><Data ss:Type="String">Telephone2Pattern</Data></Cell>
    <Cell><Data ss:Type="String">TelephoneNumber2Id</Data></Cell>
    <Cell><Data ss:Type="String">TelefaxPattern</Data></Cell>
    <Cell><Data ss:Type="String">TelephoneTelefaxId</Data></Cell>
    <Cell><Data ss:Type="String">MobilePattern</Data></Cell>
    <Cell><Data ss:Type="String">TelephoneMobileId</Data></Cell>
    <Cell><Data ss:Type="String">Internet</Data></Cell>
    <Cell><Data ss:Type="String">Email</Data></Cell>
    <Cell><Data ss:Type="String">Birthdate</Data></Cell>
    <Cell><Data ss:Type="String">AddressId</Data></Cell>
    <Cell><Data ss:Type="String">TelephonePrivatePattern</Data></Cell>
    <Cell><Data ss:Type="String">TelephonePrivateId</Data></Cell>
    <Cell><Data ss:Type="String">Nickname</Data></Cell>
    <Cell><Data ss:Type="String">PartnerName</Data></Cell>
    <Cell><Data ss:Type="String">Children</Data></Cell>
    <Cell><Data ss:Type="String">Remark</Data></Cell>
    <Cell ss:StyleID="s63"><Data ss:Type="String">IsLive</Data></Cell>
    <Cell><Data ss:Type="String">CommunicationChannelId</Data></Cell>
    <Cell><Data ss:Type="String">UserExtProviderId</Data></Cell>
    <Cell><Data ss:Type="String">ContactLanguageId</Data></Cell>
    <Cell ss:StyleID="s63"><Data ss:Type="String">IsDefault</Data></Cell>
    <Cell ss:StyleID="s63"><Data ss:Type="String">EncryptionTypeId</Data></Cell>
    <Cell><Data ss:Type="String">EmailPrivate</Data></Cell>
   </Row>
  </Table>
  <WorksheetOptions xmlns="urn:schemas-microsoft-com:office:excel">
   <PageSetup>
    <Header x:Margin="0.3"/>
    <Footer x:Margin="0.3"/>
    <PageMargins x:Bottom="0.75" x:Left="0.7" x:Right="0.7" x:Top="0.75"/>
   </PageSetup>
   <Unsynced/>
   <Selected/>
   <Panes>
    <Pane>
     <Number>3</Number>
     <ActiveRow>1</ActiveRow>
     <ActiveCol>12</ActiveCol>
    </Pane>
   </Panes>
   <ProtectObjects>False</ProtectObjects>
   <ProtectScenarios>False</ProtectScenarios>
  </WorksheetOptions>
 </Worksheet>
</Workbook>
